Protein_ID	Position	Residue
P00698	126	W
P00698	129	W
P00698	80	W
P00698	80	W
B9A064	187	W
P00651	85	W
P02470	9	W
P02470	9	W
P02510	9	W
P02510	9	W
P68082	25	H
P68082	25	H
P68082	25	H
P68082	98	H
P68082	98	H
P02510	60	W
P04114	88	C
P04114	4217	C
P04114	3761	C
P07688	108	C
P07688	278	H
Q05816	120	C
Q16795	313	W
Q16795	233	W
Q16795	361	W
P49821	311	W
P49821	413	W
P49821	75	W
O75947	54	W
O75947	13	W
O75947	153	W
O75944	478	W
O75944	194	W
P49748	249	W
P49748	427	W
O75390	438	W
O75390	333	W
P21796	210	W
P21796	75	W
P10515	631	W
P10515	498	W
P68871	16	W
P68871	38	W
Q9NX14	55	W
Q9UIJ7	87	W
O75489	239	W
O14880	93	W
Q9BUR5	181	W
P13804	199	W
P48735	375	W
P28331	319	W
Q99623	74	W
P02144	8	W
P02144	15	W
P13073	70	W
Q8NAS7	80	W
O00217	61	W
O43181	166	W
P49753	446	W
P22695	149	W
Q02978	279	W
Q9B1A9	48	W
Q16718	112	W
P19367	171	W
P05413	98	W
Q02218	584	W
Q02218	589	W
Q6ZVC0	657	W
O95831	180	W
Q16698	322	W
Q6I9V5	275	W
P14927	20	W
Q16891	384	W
P27338	143	W
O75964	31	W
P46406	165	H
P46406	245	C
P46406	282	C
P46406	328	H
P46406	332	K
P00435	184	R
P00435	185	R
Q9D6F9	12	C
P60710	217	C
Q60625	812	C
Q9Z0T9	492	C
P99024	12	C
Q9ERD7	12	C
O88844	245	C
Q9R118	83	C
Q9R118	89	C
P15208	239	C
P15208	243	C
P15208	252	C
Q61810	836	C
Q61810	845	C
Q61810	847	C
Q61810	859	C
P28828	410	C
P00441	33	W
P00441	33	W
P00441	33	W
P61823	27	K
P61823	33	K
P61823	63	K
P61823	67	K
P02192	25	H
P02192	25	H
P02192	65	H
P02192	94	H
P02192	94	H
P02192	117	H
P02192	120	H
P02192	120	H
P02192	153	H
P02192	153	H
P02192	153	H
P11507	135	K
P11507	141	K
P11507	164	R
P11507	460	K
P11507	476	K
P11507	481	K
P11507	526	H
P11507	619	R
P11507	636	R
P11507	655	R
P11507	677	R
P11507	683	K
P61823	36	R
P61823	65	R
P61823	65	R
P61823	111	R
P61823	111	R
P00004	34	H
P00004	34	H
P00004	39	R
P00004	88	K
P00004	88	K
Q7TQM4	29	R
Q7TQM4	41	R
P97526	656	P
P63159	59	K
P62898	60	W
E9PU01	1088	R
F1M7A1	3642	R
P82995	573	C
P82995	573	C
P12333	132	W
P02647	250	K
P68135	376	C
P68135	376	C
P02768	257	K
P02768	257	K
P02768	257	K
P02768	257	K
P02768	257	K
P02768	257	K
P02768	257	K
P02768	137	P
P02768	137	P
P02768	214	K
P02768	214	K
P02768	233	R
P02768	233	R
P02768	233	R
P02768	36	K
P02768	36	K
P02768	36	K
P02768	249	K
P02768	249	K
P02768	249	K
P02768	249	K
P02768	598	K
P02768	598	K
P02787	252	K
P02787	252	K
P02768	549	K
P02768	549	K
P02768	549	K
P02768	549	K
P02768	549	K
P02768	549	K
P02768	549	K
P02768	549	K
P02768	438	K
P02768	438	K
P02768	438	K
P02768	438	K
P02768	438	K
P02768	375	K
P02768	375	K
P02768	375	K
P02768	375	K
P02768	375	K
P02768	210	R
P02768	210	R
P02768	210	R
P02768	210	R
P02768	496	R
P02768	496	R
P02768	496	R
P02768	496	R
P02768	34	R
P02768	34	R
P02768	117	K
P02768	122	R
P02768	124	E
P02768	134	P
P02768	205	K
P02768	205	K
P02768	223	K
P02768	223	K
P02768	223	K
P02768	223	K
P02768	223	K
P02768	223	K
P02768	229	K
P02768	229	K
P02768	298	K
P02768	300	K
P02768	300	K
P02768	305	K
P02768	305	K
P02768	305	K
P02768	468	K
P02768	492	P
P02768	492	P
P02768	545	R
P02768	548	K
P02768	548	K
P02768	551	T
P02768	551	T
P02768	559	H
P02768	565	K
P02768	565	K
P02768	565	K
P02768	590	T
P02768	590	T
P02768	97	K
P02768	97	K
P02768	97	K
P02768	130	K
P02768	130	K
P02768	130	K
P02768	130	K
P02768	186	K
P02768	186	K
P02768	186	K
P02768	499	K
P02768	499	K
P02768	499	K
P02768	499	K
P02787	27	W
P02787	36	T
P02787	37	K
P02787	93	P
P02787	97	K
P02787	135	K
P02787	139	T
P02787	159	P
P02787	161	P
P02787	162	R
P02787	253	P
P02787	253	P
P02787	307	P
P02787	310	K
P02787	371	R
P02787	371	R
P02787	373	K
P02787	377	W
P02787	384	K
P02787	467	K
P02787	505	P
P02787	508	K
P02787	566	P
P02787	566	P
P02787	569	W
P02787	602	P
P02787	612	K
P02787	618	K
P02787	654	T
P02787	676	K
P02787	686	T
P29547	227	P
P29547	235	K
P32504	634	K
P32504	636	K
P31539	854	T
P38319	292	K
P38280	109	K
P38280	591	K
P38280	595	K
P04050	595	T
P47035	736	P
P47035	1175	P
Q01448	436	P
B3LPM6	2102	R
P39969	520	P
P39969	524	P
Q06218	413	R
Q06218	414	T
Q06218	416	R
P36521	42	P
P36521	44	K
Q04279	55	P
Q04279	59	K
P37297	945	T
P29453	120	K
Q12466	920	T
Q12466	923	R
P42073	269	T
P42948	318	K
P39730	167	P
P43565	7	T
P39521	426	P
P30624	420	R
P47134	548	P
Q07653	954	K
Q06839	231	T
Q06839	503	P
P18900	87	R
P0CS82	127	T
P34756	1511	K
P38086	580	K
P38086	584	P
P53622	55	P
P53851	153	R
P53851	154	T
P61830	12	T
P47102	335	K
P32333	1041	T
P07866	1333	P
P14905	301	T
P38960	3	K
P32901	406	K
Q99181	18	P
Q99181	21	T
Q99181	22	K
Q04087	140	P
P53044	39	K
P53044	282	K
P06701	524	T
P40825	536	T
P40825	545	P
P40825	913	P
P40825	916	R
P40825	930	K
Q03330	248	T
Q12500	20	K
P53982	82	R
P26263	116	T
P26263	135	T
P26263	136	T
P39077	378	T
P43569	91	T
P40857	188	P
P21651	262	R
P27895	562	K
E9P981	195	P
P27882	28	K
P27882	31	R
Q12226	111	P
P53397	296	K
Q08236	220	P
Q06148	18	K
P32571	488	P
P08456	201	K
P48525	296	K
P02787	122	K
P02787	537	T
P02787	564	K
P02787	568	P
P02787	588	K
P02787	694	T
P54786	637	K
P54786	637	K
P53128	543	K
P53128	543	K
P53128	542	W
P53128	542	W
P12611	88	R
P12611	88	R
P12611	123	K
P12611	123	K
P89105	1027	K
P89105	1027	K
P89105	1032	K
P89105	1032	K
P24583	976	W
P24583	976	W
P53744	114	W
P53744	114	W
Q03714	155	P
Q03714	155	P
Q03714	158	P
Q03714	158	P
P40309	539	K
P40309	539	K
P07702	502	K
P07702	502	K
P07702	499	W
P07702	499	W
Q01939	90	P
Q01939	90	P
Q00955	938	K
Q00955	938	K
Q00955	2027	P
Q00955	2027	P
P22579	705	K
P22579	705	K
P22579	178	K
P22579	178	K
P11075	287	K
P11075	287	K
P11075	1369	R
P11075	1369	R
P40469	935	K
P40469	935	K
P47104	997	K
P47104	997	K
P47104	1214	K
P47104	1214	K
P23561	495	R
P23561	495	R
P02994	207	P
P02994	207	P
P02994	208	W
P02994	208	W
P02994	404	P
P02994	404	P
P02994	407	P
P02994	407	P
P39939	82	R
P39939	82	R
P53251	115	K
P53251	115	K
P50086	25	K
P50086	25	K
Q12460	250	R
Q12460	250	R
P07281	63	R
P07281	63	R
P07281	68	R
P07281	68	R
Q02725	636	K
Q02725	636	K
P39926	288	P
P39926	288	P
P0CX46	192	K
P0CX46	192	K
P48566	208	R
P48566	208	R
O14455	86	K
O14455	86	K
Q06163	282	R
Q06163	282	R
P10081	373	R
P10081	373	R
Q01389	1024	R
Q01389	1024	R
Q01389	1270	R
Q01389	1270	R
P25386	563	T
P25386	563	T
P25386	564	T
P25386	564	T
P25386	1339	T
P25386	1339	T
P25386	1345	K
P25386	1345	K
P22276	53	K
P22276	53	K
P22276	330	T
P22276	330	T
P07259	629	P
P07259	629	P
P07259	635	K
P07259	635	K
P07259	1080	K
P07259	1080	K
P07259	1097	K
P07259	1097	K
P07259	2056	T
P07259	2056	T
P33334	1141	P
P33334	1141	P
P33334	1292	R
P33334	1292	R
P31374	1065	T
P31374	1065	T
P31374	1160	P
P31374	1160	P
P41800	367	K
P41800	367	K
P38170	445	K
P38170	445	K
P38170	687	T
P38170	687	T
P38998	355	R
P38998	355	R
P43583	53	R
P43583	53	R
P43583	57	P
P43583	57	P
P43583	536	K
P43583	536	K
P43583	1752	R
P43583	1752	R
P25588	774	K
P25588	774	K
P25588	841	K
P25588	841	K
P38355	245	T
P38355	245	T
P38355	249	R
P38355	249	R
P38355	339	P
P38355	339	P
P0CX51	35	P
P0CX51	35	P
P0CX51	37	T
P0CX51	37	T
P0CX51	51	P
P0CX51	51	P
Q04002	1336	R
Q04002	1336	R
Q3E7X8	187	R
Q3E7X8	187	R
Q3E7X8	525	K
Q3E7X8	525	K
Q3E7X8	528	T
Q3E7X8	528	T
P39986	766	T
P39986	766	T
P50080	366	P
P50080	366	P
Q04868	122	R
Q04868	122	R
Q04868	124	K
Q04868	124	K
Q08234	844	K
Q08234	844	K
P32327	835	R
P32327	835	R
P38329	971	R
P38329	971	R
P40463	339	P
P40463	339	P
P40463	340	K
P40463	340	K
P00560	266	K
P00560	266	K
P19524	560	K
P19524	560	K
P19524	580	K
P19524	580	K
P19524	582	R
P19524	582	R
Q12692	15	K
Q12692	15	K
P26783	27	T
P26783	27	T
Q06156	815	R
Q06156	815	R
Q06156	818	T
Q06156	818	T
P49166	49	W
P49166	49	W
P05694	744	W
P05694	744	W
P39714	109	W
P39714	109	W
P40550	730	P
P0CX83	136	R
M1BDU1	191	W
M1BDU1	191	W
Q69X42	990	W
Q6V9T1	992	W
Q6YZX6	70	W
O49218	30	W
Q9LLR2	124	W
Q9LLR2	500	W
Q84PW3	430	W
Q9SXP2	175	W
Q9SXP2	308	W
Q43803	127	W
Q43803	194	W
Q43803	214	W
Q6K2G7	129	W
Q6K2G7	200	W
Q5SNJ4	43	W
Q8HCP6	191	W
Q41445	524	W
Q41444	520	W
P29677	186	W
Q2VEC5	231	W
Q43644	355	W
M1BDU1	124	W
P02768	286	K
P02768	286	K
P02768	286	K
P02768	402	K
P02768	402	K
P02768	402	K
P02768	402	K
P02768	402	K
P02768	58	C
P02768	58	C
P02768	58	C
P02768	58	C
P02768	58	C
P02768	58	C
P02768	91	H
P02768	91	H
P02768	91	H
P02768	91	H
P02768	91	H
P02768	170	H
P02768	170	H
P02768	170	H
P02768	170	H
P02768	219	K
P02768	219	K
P02768	266	H
P02768	266	H
P02768	266	H
P02768	266	H
P02768	266	H
P02768	312	H
P02768	312	H
P02768	312	H
P02768	534	H
P02768	534	H
P02768	534	H
P02768	534	H
P02768	534	H
P02768	271	H
P02768	271	H
P02768	391	H
P02768	391	H
P02768	75	K
P02768	75	K
P02768	129	H
P02768	129	H
P02189	25	H
P02189	25	H
P02189	37	H
P02189	37	H
P02192	37	H
P02192	37	H
P02192	82	H
P02192	82	H
P02192	89	H
P02192	89	H
P04114	305	K
P04114	305	K
P48525	253	R
Q02455	20	R
P39993	33	T
Q12192	130	R
P32450	31	R
P25613	17	P
P15624	232	K
P15624	238	R
P36013	414	K
P36013	415	K
P09959	531	K
P09959	538	K
P09959	541	K
P11075	1241	P
P11075	1800	K
P0CX82	136	R
P53389	412	P
P39955	538	K
P39955	558	R
P40464	29	P
Q92331	631	K
P00127	141	R
P14907	491	P
P53168	54	R
P40360	84	R
P36077	9	K
P54113	48	P
P25389	919	P
Q02598	8	P
Q12449	327	R
P38934	16	R
P07259	190	P
Q08373	7	T
Q08373	16	R
Q12099	313	T
Q04947	127	T
P11325	884	K
Q03557	117	P
P53187	33	P
P53187	49	K
P40188	159	P
P47008	235	K
P47008	236	K
P22470	511	R
P36015	33	R
Q12416	211	P
P48581	381	R
P47169	807	P
P31384	265	P
P31384	271	P
P28263	39	P
P28263	50	R
P29952	300	R
Q02793	293	W
C8Z776	90	W
Q04439	1123	W
P52918	827	W
P31399	101	C
P31399	101	C
P31399	101	C
P10719	227	H
P10719	227	H
P10719	227	H
P10719	227	H
P35435	120	H
P35435	120	H
P35435	120	H
Q06647	141	C
Q06647	141	C
Q06647	141	C
P32551	191	C
P32551	191	C
P32551	191	C
P32551	191	C
Q05962	257	C
Q05962	257	C
Q05962	257	C
P04636	285	C
P04636	285	C
P04636	93	C
P04636	93	C
P04636	93	C
P15650	166	C
P15650	166	C
P15650	166	C
P10719	102	H
P10719	102	H
P10719	102	H
P10719	102	H
P10719	417	H
P10719	417	H
P10719	417	H
P10719	417	H
P10719	417	H
P10719	248	H
P10719	248	H
P10719	248	H
P15999	306	H
P15999	306	H
P19511	200	H
P19511	200	H
P19511	164	H
P19511	164	H
P19511	222	H
P19511	222	H
P10888	51	H
P10888	51	H
P10888	51	H
P04117	118	C
Q9ER34	73	H
Q9ER34	73	H
D4A133	47	H
P07632	111	H
P09606	304	H
P31596	510	H
P31596	507	H
P13233	224	H
P63259	40	H
P63259	101	H
P63259	371	H
P69897	105	H
P69897	264	H
Q5XIF6	107	H
P06687	483	H
P06686	682	H
P11275	478	H
P16086	1233	H
P02688	24	H
P02688	27	H
P02688	33	H
P02688	93	H
P02688	112	H
P10591	303	C
P00549	434	H
P00549	418	C
P00549	54	H
Q99337	669	H
Q92392	344	H
P0CX83	141	H
P0CX39	116	H
P0CX39	84	H
P38061	20	H
P38061	98	H
P38219	113	H
P10664	279	H
P0CX48	110	H
P02994	7	H
P02994	15	H
P02994	26	H
P02994	293	H
P38280	77	K
P00560	150	H
P00560	168	H
P00560	171	H
P00560	53	H
P41058	3	H
P41058	10	H
P0C2H8	43	H
P0CX52	93	H
P0CX52	74	H
P11484	230	H
P11484	243	H
P15180	98	H
P0CX55	78	H
P0C2H7	79	H
P23301	78	H
P39954	401	H
P0CX31	29	H
P40069	70	H
P60010	40	H
P0CX45	38	H
P0CX45	19	H
P05030	614	H
P05030	488	H
P05030	495	H
P05030	449	H
P05737	194	H
P05737	186	H
P05737	222	H
P02406	49	H
P25443	59	H
P25443	152	H
P04807	47	H
P04807	413	H
Q3E792	38	H
P00359	177	H
P00359	64	H
P00359	328	H
P32905	92	H
P32905	32	H
P00924	132	K
P00924	133	H
P00924	192	H
P00924	397	K
P17076	232	H
P38711	9	H
P0CX36	201	H
P0CX36	16	H
P26784	55	H
P26784	72	H
P46990	116	H
P00358	70	H
P03965	1098	H
P26783	72	H
P14540	265	H
P14540	276	H
P14540	211	H
P14540	92	H
P14540	20	H
P14540	244	H
P36008	253	H
P05740	54	H
P04802	487	H
P04802	489	H
P06169	495	H
P06169	310	H
P41805	86	H
P41805	123	H
P16521	976	H
P16521	497	H
P06106	11	H
P06106	22	H
P06168	171	H
P33442	211	H
P33442	101	H
P33442	232	H
P33442	160	H
P33442	153	H
Q02326	57	H
P07246	79	H
P07246	94	H
P07342	138	H
P07342	144	H
P0CX23	68	H
P0CX23	154	H
P0CX23	3	H
P00331	49	H
P05750	159	H
P05750	174	H
P0CX50	152	H
P0CX50	158	H
P07281	64	H
P07281	93	H
P14126	224	H
P14126	231	H
P14126	377	H
P14126	11	H
P14126	13	H
P48589	38	H
P32589	78	H
P26321	244	H
P26321	175	H
P26321	203	H
P0AA25	7	H
P0AA25	7	H
P31399	39	H
Q05962	40	H
Q05962	40	H
P15650	57	H
P13437	156	H
P12075	129	H
P35171	44	H
P35171	44	H
P80432	18	H
P80432	18	H
P09605	131	H
P04636	200	H
P04636	200	H
P04636	158	H
Q920L2	52	H
P04114	2425	K
P04114	2425	K
P12277	7	H
P12277	7	H
P12277	26	H
P12277	26	H
P12277	29	H
P12277	29	H
P12277	45	K
P12277	45	K
P12277	66	H
P12277	66	H
P12277	86	K
P12277	86	K
P12277	97	H
P12277	97	H
P12277	101	K
P12277	101	K
P12277	141	C
P12277	141	C
P12277	177	K
P12277	177	K
P12277	191	H
P12277	191	H
P12277	219	H
P12277	219	H
P12277	234	H
P12277	234	H
P12277	247	K
P12277	247	K
P12277	254	C
P12277	254	C
P12277	276	H
P12277	276	H
P12277	283	C
P12277	283	C
P12277	296	H
P12277	296	H
P12277	305	H
P12277	305	H
P12277	313	K
P12277	313	K
P12277	358	K
P12277	358	K
P12277	381	K
P12277	381	K
P10599	73	C
P04114	2101	H
P04114	2101	H
P04114	2342	H
P04114	2342	H
P01317	29	H
P01317	34	H
P62894	23	K
P62894	26	K
P62894	34	H
P62894	40	K
P62894	73	K
P62894	74	K
P62894	87	K
P62894	88	K
P62894	100	K
P62894	101	K
P04114	147	K
P04114	196	K
P04114	304	K
P04114	320	K
P04114	333	K
P04114	350	K
P04114	447	H
P04114	539	K
P04114	576	K
P04114	583	W
P04114	612	K
P04114	641	K
P04114	669	K
P04114	695	K
P04114	707	K
P04114	717	K
P04114	790	H
P04114	797	K
P04114	943	H
P04114	949	K
P04114	1034	K
P04114	1087	K
P04114	1121	K
P04114	1141	W
P04114	1145	K
P04114	1202	K
P04114	1205	H
P04114	1254	H
P04114	1272	H
P04114	1286	K
P04114	1305	K
P04114	1311	K
P04114	1322	H
P04114	1324	K
P04114	1329	H
P04114	1429	K
P04114	1662	C
P04114	1730	K
P04114	1769	K
P04114	1778	K
P04114	1813	K
P04114	1930	K
P04114	1984	K
P04114	2004	K
P04114	2025	K
P04114	2059	K
P04114	2067	H
P04114	2100	K
P04114	2117	K
P04114	2141	K
P04114	2164	K
P04114	2170	K
P04114	2195	K
P04114	2208	K
P04114	2227	H
P04114	2230	H
P04114	2255	K
P04114	2265	K
P04114	2270	K
P04114	2318	K
P04114	2319	H
P04114	2333	K
P04114	2340	K
P04114	2392	K
P04114	2402	K
P04114	2403	K
P04114	2575	K
P04114	2578	K
P04114	2591	K
P04114	2634	K
P04114	2686	W
P04114	2697	K
P04114	2825	K
P04114	3148	K
P04114	3159	K
P04114	3184	H
P04114	3194	C
P04114	3202	K
P04114	3239	H
P04114	3276	K
P04114	3308	H
P04114	3497	K
P04114	3501	K
P04114	3524	K
P04114	3603	H
P04114	3611	H
P04114	3682	K
P04114	3689	K
P04114	3790	K
P04114	3799	K
P04114	3846	K
P04114	3868	K
P04114	3944	K
P04114	3979	K
P04114	3987	H
P04114	4040	K
P04114	4055	K
P04114	4071	K
P04114	4114	W
P04114	4168	K
P04114	4207	K
P04114	4261	K
P04114	4274	K
P04114	4278	K
P04114	4461	K
P04114	4478	K
P04114	4485	K
P04114	4486	K
P04114	4518	K
P68135	42	H
P68135	89	H
P68135	175	H
P02189	120	H
P02647	232	K
P02647	232	K
P02647	232	K
P02647	120	K
P02647	120	K
P02647	47	K
P02647	47	K
P02647	118	K
P02647	118	K
P02647	131	K
P02647	131	K
P02647	219	K
P02647	219	K
P02647	206	K
P02647	206	K
P02647	206	K
P15992	37	R
P38616	318	K
P02994	51	K
P02994	184	K
P02994	203	T
P02994	425	R
P02994	428	R
P02994	450	K
P14904	13	K
P16862	529	K
P16862	536	K
P60010	303	T
P60010	307	P
P60010	312	R
Q00764	59	T
Q00764	71	P
Q00764	279	K
P07149	1624	T
P07149	1837	T
P40442	743	T
P19882	68	P
P19882	69	K
P16467	233	K
P25694	246	K
P25694	247	P
P00560	180	P
Q9AIP9	334	W
P02768	198	K
P02768	198	K
P02768	198	K
Q14032	18	H
Q14032	62	H
Q14032	74	H
Q14032	271	H
Q14032	275	H
Q14032	280	H
Q14032	329	K
Q14032	334	K
Q14032	336	H
Q14032	362	H
Q14032	372	C
Q14032	373	C
Q14032	378	H
Q14032	397	H
P02647	69	K
P02647	159	H
P02647	179	H
P02647	186	H
P02647	186	H
P02647	36	K
P02647	217	H
P02647	217	H
P02647	223	H
P02647	223	H
P02647	262	K
P02647	142	K
P02768	264	K
P02768	264	K
P02768	160	K
P30041	91	C
P30041	209	K
G7MRK7	469	R
G7MRK7	469	R
P0AFG8	787	P
P36683	387	K
P36683	391	R
P36683	489	P
P36683	739	P
P36683	740	P
P0ABB4	75	P
P0ABB4	79	P
P0ABB4	115	P
P63284	418	R
P0A6Y8	56	R
P0A6Y8	60	T
P0A6Y8	90	P
P0A6Y8	416	T
P0A6Y8	417	T
P0A6Y8	419	P
P0A6Y8	420	T
P0A6P9	204	T
P0A6P9	214	P
P0A6R0	47	P
P06971	96	P
P0A6M8	348	T
P0A6M8	524	P
P0A6M8	570	P
P0A6M8	609	K
P0A6M8	615	P
P0A6M8	681	T
P0A6F5	30	T
P0A6F5	33	P
P0A6F5	34	K
P0A6F5	36	R
P0A6F5	113	P
P0A6F5	235	P
P0A6F5	496	P
P0A6F5	497	T
P0A6F5	498	K
P0A6F5	500	T
P0A6F5	501	R
P0A6Z3	33	R
P0A6Z3	535	T
P0A6Z3	536	P
P0A6Z3	541	T
P31554	650	R
P07813	695	T
P0A910	127	T
P0A910	198	P
P0A910	204	P
P0A910	206	P
P0A910	208	P
P0A910	212	T
P0A910	213	K
P0A910	216	T
P05055	544	P
P16659	340	P
P0A7D4	410	P
P0A7D4	416	T
P0A7D4	418	P
P0A7D4	420	R
P0A7D4	421	T
P0A7D4	423	T
P0A7D4	429	P
P0A8V2	203	K
P0A8V2	993	P
P0A8V2	994	R
P0A8V2	1301	R
P0AG67	278	T
P0A836	227	P
P0A836	230	R
P0A6P1	270	T
P0CE47	210	P
P0CE47	214	P
P0CE47	296	P
P0CE47	298	T
P0CE47	301	P
P0CE47	303	T
P0CE47	319	R
P0CE47	321	T
P0CE47	322	P
P0CE47	353	P
P0CE47	366	P
P0CE47	383	T
P0CE47	391	K
P0A940	326	P
P02769	36	K
P02769	36	K
P02769	134	P
P02769	134	P
P02769	137	P
P02769	137	P
P02769	137	P
P02769	138	K
P02769	138	K
P02769	138	K
P02769	140	K
P02769	140	K
P02769	140	K
P02769	141	P
P02769	141	P
P02769	156	K
P02769	156	K
P02769	183	K
P02769	183	K
P02769	204	K
P02769	204	K
P02769	204	K
P02769	209	R
P02769	209	R
P02769	266	K
P02769	266	K
P02769	297	K
P02769	297	K
P02769	299	K
P02769	299	K
P02769	346	K
P02769	346	K
P02769	360	R
P02769	360	R
P02769	412	K
P02769	412	K
P02769	412	K
P02769	433	R
P02769	433	R
P02769	437	K
P02769	437	K
P02769	463	K
P02769	463	K
P02769	464	P
P02769	464	P
P02769	464	P
P02769	491	P
P02769	491	P
P02769	491	P
P02769	491	P
P02769	495	K
P02769	495	K
P02769	495	K
P02769	495	K
P02769	498	K
P02769	498	K
P02769	498	K
P02769	508	R
P02769	508	R
P02769	508	R
P02769	540	P
P02769	540	P
P02769	540	P
P02769	548	K
P02769	548	K
P02769	548	K
P02769	561	K
P02769	561	K
P02769	587	K
P02769	587	K
P02768	28	K
P02768	28	K
P02768	569	K
P02768	569	K
P02768	569	K
P02768	569	K
P02768	569	K
P02768	569	K
P02768	161	K
P02768	161	K
P02768	161	K
P02768	161	K
P02768	161	K
P02768	456	K
P02768	456	K
P01009	187	K
P01009	187	K
P02652	69	K
P02652	69	K
P02652	62	K
P02652	62	K
P02652	53	K
P02652	53	K
P02769	203	P
P02769	203	P
P02769	207	T
P02769	207	T
P02769	247	P
P02769	444	P
P02769	444	P
P02769	462	T
P02769	468	R
P02769	470	P
P02769	470	P
P02769	470	P
P02769	472	T
P02769	482	R
P02769	497	T
P02769	509	P
P02769	547	K
P02769	550	T
P02769	559	K
P02769	560	P
P68082	8	W
P68082	15	W
P02768	426	K
P02768	426	K
P02768	426	K
P02769	59	P
P02769	59	P
P02769	143	P
P02769	143	P
P02769	151	K
P02769	151	K
P02769	362	P
P02769	362	P
P02769	471	C
P02769	471	C
P02769	460	C
P02769	461	C
P02769	304	K
P02769	359	R
P02769	523	K
P02769	158	W
P02769	312	C
P02769	500	C
P02769	65	K
P02769	175	P
P02769	439	P
P02769	58	C
P02769	269	C
P02769	276	C
P02769	336	K
P02769	340	K
P02769	170	P
P02769	117	K
P02769	155	K
P02769	580	K
P02769	371	R
P02769	499	C
P02768	362	H
P02768	362	H
P02768	362	H
P02768	152	H
P02768	152	H
P02768	27	H
P02768	33	H
P02647	263	K
P04114	737	H
P04114	746	H
P04114	1214	H
P04114	1225	H
P04114	2288	H
P04114	3207	H
P02671	475	H
P02671	513	H
P02671	467	K
P02671	563	H
P02671	103	H
P02671	151	H
P02671	581	K
P06727	79	K
P06727	236	H
P06727	332	H
P0C0L4	1342	H
P0C0L4	749	K
P01009	44	H
P01009	39	H
P01009	163	H
P01009	153	K
P01009	256	C
P01009	179	K
P01009	293	H
P01009	286	H
P01009	258	K
P02760	141	H
P01024	918	H
P02790	238	H
P02787	226	H
P02787	308	H
P02774	208	H
P01023	217	H
P01023	523	H
P02994	37	R
P02994	242	K
P34760	99	P
P34760	74	T
P07284	44	K
P07284	45	T
P07284	58	K
P07284	61	K
P07284	410	R
P09436	68	P
P09436	74	T
P10592	269	R
P22803	20	K
P22803	35	K
P46406	3	K
P46406	11	R
P46406	78	R
P46406	122	P
P46406	127	P
P46406	192	K
P15999	175	K
P32551	161	K
Q05962	33	K
Q05962	63	K
Q05962	92	K
Q05962	96	K
Q05962	107	K
Q05962	295	K
Q09073	43	K
P12814	480	C
O43707	499	C
O43707	351	C
Q01518	93	C
P60709	40	H
P23528	139	C
P51808	7	H
P47756	147	C
P08670	328	C
P08670	328	C
P08670	328	C
P68363	347	C
P68363	295	C
Q9Y3Z3	522	C
P04075	246	H
P04075	246	H
O43175	369	C
Q8NC51	11	C
Q8NC51	11	C
P49458	48	C
P49458	48	C
Q96AG4	294	H
P45880	47	C
P02765	158	T
P02765	159	R
P01008	182	K
P04114	314	K
P04114	766	K
P04114	2147	K
P04114	3229	K
P04114	3234	K
P04114	3281	P
P02654	67	W
P02656	62	W
P02656	85	W
P02649	30	P
P04003	419	T
P04003	592	T
P10909	93	T
P10909	94	K
P12259	2132	K
Q52L64	61	W
Q52L64	76	W
Q52L64	174	W
Q52L64	189	W
Q99LC4	129	W
Q99LC4	180	W
Q99LC4	293	W
Q99LC4	329	W
Q99LC4	433	W
P27768	161	W
P68136	81	W
P68136	81	W
P68136	88	W
P68136	88	W
P68136	342	W
P68136	358	W
P68082	120	H
P68082	120	H
P68082	37	H
P68082	37	H
P68082	65	H
P68082	82	H
P68082	83	H
P68082	94	H
P68082	114	H
P68082	117	H
P02768	63	H
P02769	71	T
P02769	71	T
P02769	120	P
P02769	120	P
P02769	228	K
P02769	228	K
P02769	232	R
P02769	232	R
P02769	241	R
P02769	241	R
P02769	245	K
P02769	245	K
P02769	256	K
P02769	256	K
P02769	309	K
P02769	309	K
P02769	401	K
P02769	401	K
P02769	459	R
P02769	459	R
P04114	293	K
P04114	293	K
Q92954	1047	K
Q92954	1047	K
Q92954	1390	T
Q92954	1390	T
P06003	365	W
P06003	365	W
P19511	239	C
P15999	294	C
P35435	78	C
D3ZD09	54	C
Q5XIH3	425	C
Q68FY0	410	C
Q68FY0	410	C
Q68FY0	453	C
Q68FY0	453	C
Q920L2	190	H
Q6IRH6	52	C
Q05962	160	C
Q05962	160	C
Q05962	129	C
Q09073	10	K
Q09073	257	C
Q09073	257	C
Q9Z2L0	232	C
Q9Z2L0	232	C
Q9R1Z0	65	C
Q9ER34	385	C
Q9ER34	126	C
P56574	113	C
P56574	418	C
P04636	275	C
P04636	89	C
P04636	89	C
P04636	212	C
P26284	261	C
P26284	121	H
P49432	263	C
Q6UPE1	117	C
Q02253	317	C
Q5BJZ3	936	C
Q5BJZ3	936	C
P63039	237	C
P07335	283	C
P01946	69	K
Q63223	49	K
P01946	12	K
Q6IE52	356	P
Q7TQ70	770	R
Q7TQ70	419	R
P02091	9	K
P02091	18	K
Q63514	225	K
Q63514	229	R
P02770	541	P
P20760	195	K
O35802	161	K
P01026	691	R
Q03626	731	R
P04639	147	T
Q03626	347	K
Q03626	352	K
Q03626	682	K
P02770	461	C
P13437	271	H
P13437	352	H
P13437	352	H
P15651	26	H
P17764	189	H
Q02253	289	H
P04762	89	H
P04762	305	H
P04762	362	H
P04762	466	H
P04762	486	H
P04762	510	H
P04762	518	H
P04762	518	H
P07756	47	H
P07756	817	H
P07756	1162	H
P07756	1162	H
P07756	1202	H
P07756	1447	H
P10860	481	H
P10860	481	H
P10860	507	H
P24473	154	H
O35952	234	H
O35952	284	H
P52873	282	H
P48721	157	H
Q07116	395	H
P50137	233	H
P24329	204	H
P07824	50	H
P14141	40	H
P16303	559	H
P02692	43	H
P06761	167	H
P04903	143	H
B0BNF9	260	H
P07872	21	H
Q9Z0V5	54	H
P25113	107	H
D4ADF5	21	H
P01308	29	H
P01019	42	H
P01019	39	H
P06576	102	H
Q99798	73	H
Q8NC51	4	H
P00004	8	K
P00004	8	K
P00004	61	K
P00004	61	K
P00004	87	K
P00004	87	K
P00004	100	K
P00004	100	K
P00004	101	K
P07724	549	K
P07724	548	K
P07724	223	K
P07724	236	K
Q61646	119	K
Q91X72	166	K
Q91X72	111	K
Q91X72	83	R
Q61704	335	H
P28665	431	H
P28666	856	H
Q61838	1205	K
Q61838	306	K
Q921I1	164	P
Q921I1	278	K
Q921I1	274	K
Q921I1	299	K
Q921I1	268	H
P02754	86	K
P02754	91	K
P02754	92	T
P02754	93	K
P02754	99	K
P02754	116	K
P02754	154	K
P02754	157	K
P02754	160	P
P02754	164	R
P02754	170	T
P02769	100	K
P02769	100	K
P02769	211	K
P02769	218	R
P02769	222	R
P02769	259	T
P02769	443	T
P02769	490	T
P02769	501	T
P02769	507	R
P01009	246	K
P01009	247	R
P01024	678	K
P08603	1149	R
P08603	1151	T
P08603	1160	P
P02751	1758	P
P02751	1586	K
P01857	97	K
P23083	90	T
P01834	22	T
Q92954	1156	T
Q92954	1391	R
P00004	26	K
P00004	6	K
P00004	9	K
P00004	74	K
P00004	56	K
P00004	40	K
P00004	89	K
P00004	80	K
P00004	28	K
P00004	73	K
P07900	450	H
P07900	490	H
P08238	171	H
P08238	442	H
P08238	458	H
P08238	625	H
P08238	632	H
P69560	317	W
Q8BHN3	47	C
Q6ZWR6	6960	K
Q02780	73	K
Q6P1D7	142	C
Q6ZQ08	1520	K
Q6NS59	1382	C
P20029	592	K
Q5XKE0	468	K
B2A947	503	W
P18163	109	C
P18163	109	C
P11277	494	H
P11277	497	K
D3ZG43	196	H
Q66HF1	367	C
Q63362	17	C
Q920L2	258	C
Q920L2	646	C
P10817	17	H
D3ZSB0	54	C
P05505	71	H
P15650	351	C
P17764	193	C
P09605	152	H
Q5XIH3	187	C
Q5XIH3	142	C
Q5XIH3	286	C
D3ZF13	140	C
P05506	39	C
D4A3V2	110	H
A9UMV9	55	C
Q920L2	230	C
Q68FY0	402	H
D3ZFQ8	140	C
P10817	83	H
Q9ER34	125	H
Q9Z2L0	127	C
D3ZCZ9	33	H
Q561S0	183	C
P21913	82	K
P19511	214	H
P56574	175	H
Q5BJZ3	407	H
Q5BJZ3	370	H
P02787	69	R
P01009	381	P
P0DMV8	328	K
P0DMW0	267	C
P11598	57	C
P63086	178	H
P12710	69	C
P12710	57	K
P12710	43	H
P12710	31	K
P12710	6	K
P12710	46	K
P02768	236	K
P02768	236	K
P02768	183	K
P02768	383	K
P02768	543	K
Q1ZQ66	675	K
Q1ZX05	8	T
Q1ZX05	39	K
Q1ZX05	233	T
Q1ZX05	19	T
Q1ZX04	41	T
Q1ZX04	44	P
Q1ZX04	150	T
Q1ZX04	271	T
Q1ZX03	25	K
Q1ZWF8	138	P
Q1ZTX6	112	T
Q1ZTX6	111	T
Q1ZTX6	96	T
Q1ZTT2	271	P
Q1ZSU6	32	P
Q1ZSU6	148	T
Q1ZSC8	601	P
Q1ZSC8	301	T
Q1ZS41	243	K
Q1ZRT4	80	P
Q1ZRK5	165	K
Q1ZRK5	166	K
Q1ZRH5	329	P
Q1ZRH5	333	T
Q1ZQS7	179	K
Q1ZPT3	164	P
Q1ZPS2	234	P
Q1ZNR8	27	K
Q1ZNK8	201	R
Q1ZNK8	203	R
Q1ZNJ6	190	P
Q1ZNJ2	37	P
Q1ZNJ2	525	P
Q1ZNJ2	521	T
Q1ZNJ2	285	T
Q1ZNE9	128	T
Q1ZNE6	288	P
Q1ZNE2	109	T
Q1ZMR2	138	T
Q1ZMQ8	602	P
Q1ZMJ9	601	R
Q1ZMJ2	786	R
Q1ZLU7	12	P
Q1ZLS6	177	R
Q1ZLS6	855	P
Q1ZLQ5	257	P
Q1ZLQ5	258	T
Q1ZL76	410	T
Q1ZL76	409	P
Q1ZL76	395	K
Q1ZL76	401	P
Q1ZL76	368	P
Q1ZL69	41	T
Q1ZL30	633	P
Q1ZKP9	91	R
Q1ZKP9	100	K
Q1ZKP9	2	T
Q1ZKN3	482	T
Q1ZKN3	331	T
Q1ZKJ0	131	T
Q1ZKJ0	128	P
Q1ZKI8	67	T
Q1ZKD2	366	P
Q1ZK09	343	P
Q1ZJV7	19	P
Q1ZJV6	14	P
Q1ZJG7	97	P
Q1ZJF9	12	R
Q1ZJF9	222	T
Q1ZJD6	348	T
Q1ZJB1	127	P
Q1ZJB1	132	P
Q1ZJB1	57	T
Q1ZJB1	75	P
Q1ZX05	11	K
Q1ZX04	303	K
Q1ZWN1	5	T
Q1ZSU7	168	P
Q1ZSU6	29	T
Q1ZSC8	46	T
Q1ZS55	359	R
Q1ZS28	144	T
Q1ZRH9	142	T
Q1ZQ55	140	T
Q1ZPH4	455	T
Q1ZNY8	486	R
Q1ZNJ2	280	P
Q1ZNJ2	535	R
Q1ZMR2	325	R
Q1ZLX0	54	K
Q1ZLX0	59	K
Q1ZLP6	496	T
Q1ZL76	70	P
Q1ZL03	43	T
Q1ZL02	56	P
Q1ZL02	401	R
Q1ZKZ1	125	P
Q1ZKE1	96	T
Q1ZK00	367	P
Q1ZJG9	129	T
Q1ZJG0	81	R
Q1ZJB1	201	T
Q1ZSC8	292	T
P05024	222	P
P05024	224	T
P05024	234	P
P05024	237	T
P60484	71	C
P60484	136	C
P60484	147	K
P60484	223	K
P60484	250	C
P60484	254	K
P60484	313	K
P60484	327	K
P60484	344	K
P16276	126	C
P16276	205	C
P16276	277	C
P16276	332	C
P16276	385	C
P16276	448	C
P16276	451	C
P16276	592	C
P16276	740	C
P16276	36	H
P16276	40	H
P16276	73	H
P16276	125	H
P16276	128	H
P16276	174	H
P16276	348	H
P16276	359	H
P16276	406	H
P16276	487	H
P16276	596	H
P16276	609	H
P16276	695	H
P16276	719	H
P16276	756	H
P16276	50	K
P16276	86	K
P16276	144	K
P16276	245	K
P16276	411	K
P16276	517	K
P16276	523	K
P16276	689	K
P16276	701	K
P02197	25	H
P02197	65	H
P02197	120	H
Q4KWH8	1003	K
Q4KWH8	930	K
Q4KWH8	931	K
Q4KWH8	1526	K
P62191	64	K
P62910	64	K
P42766	43	K
Q8IZT6	1340	K
Q8IZT6	1342	K
Q8IZT6	1281	K
Q8IZT6	1994	K
Q8IZT6	1995	K
O94929	528	K
Q99996	369	K
Q99996	3536	K
Q9UDR5	56	K
Q01432	27	K
Q9P0K7	271	K
Q9P0K7	272	K
Q9P0K7	750	K
Q6UB99	1529	K
Q6UB99	1198	K
Q6UB99	1206	K
Q6UB98	1912	K
Q6UB99	1457	K
Q6UB99	1459	K
Q6UB98	469	K
Q8N7Z5	1684	K
Q8N7Z5	82	K
Q8N7Z5	1773	K
P46013	2880	K
P46013	1215	K
P46013	949	K
Q9P2R6	667	K
Q9UBB4	55	K
O60706	246	K
Q13490	416	K
Q96LZ3	28	K
Q6YHK3	556	K
Q9NXG0	226	K
Q7Z7A1	1646	K
Q7Z7A1	301	K
Q7Z7A1	308	K
P49454	623	K
P49454	575	K
Q9UPV0	538	K
Q8TD26	146	K
Q8TD26	1547	K
Q9ULV3	705	K
Q8IYE0	756	K
Q8IYE0	274	K
Q8IYE0	698	K
Q8NCX0	924	K
Q8NCX0	973	K
Q8NA66	378	K
Q8NA66	389	K
Q8NA66	180	K
P35663	290	K
Q6ZMK1	349	K
Q14008	33	K
Q14008	1438	K
Q9BTC0	873	K
Q9BTC0	182	K
Q5VWQ8	1054	K
Q9Y485	54	K
Q9UHC1	282	K
Q9UHC1	1421	K
Q9UHC1	1430	R
P09884	923	K
P09884	1026	K
Q9UBZ9	1205	K
P78527	87	K
P78527	374	K
P78527	3736	K
P78527	3884	K
Q02750	84	K
Q02750	168	K
Q8TD57	2978	K
Q8TD57	2857	K
Q8TD57	1581	K
Q96JB1	3129	K
Q96JB1	3132	K
Q96JB1	637	K
Q96JB1	408	K
Q9H9T3	77	K
Q52LR7	131	K
Q52LR7	135	K
P51116	205	K
P51116	320	K
O60353	411	K
P43250	226	K
Q16666	140	K
Q9UHL9	436	K
Q9UHL9	439	K
P07093	117	K
P07093	97	K
Q9C091	1408	K
Q9C091	1040	K
Q7Z5L2	765	K
Q92574	934	K
Q9P2D3	815	K
O75446	99	K
Q02539	201	K
Q02539	25	K
Q03164	3549	K
Q03164	1069	K
Q03164	3554	K
Q03164	271	K
P78318	158	K
Q7Z2Y8	1476	K
Q9NZM3	705	K
Q9NZM3	1445	K
P41252	844	K
O94953	672	K
Q9HDC5	458	K
Q9HDC5	222	K
P33176	348	K
P33176	352	K
Q9NS87	1360	K
Q9NS87	1361	K
Q9HBM1	107	K
Q9HBM1	133	K
Q9HBM1	139	K
O95447	247	K
O95447	327	K
O95447	325	K
Q8IVV2	1382	K
Q8IWI9	3013	K
Q8IWI9	793	K
Q8IWI9	542	K
P35240	455	K
P46821	756	K
P46821	2346	K
Q9Y2K3	675	K
Q9Y2K3	283	K
Q9Y2K3	462	K
Q9Y2K3	1072	K
Q5FWF5	187	K
P20929	5935	K
P20929	5939	K
P20929	2036	K
P20929	4503	K
Q8NF91	6658	K
Q8NF91	3333	K
Q8WXH0	2151	K
Q8WXH0	2163	K
Q09666	171	K
Q09666	1133	K
Q09666	4144	K
Q09666	2106	K
Q09666	2183	K
P12036	796	K
P12036	877	K
Q13562	100	K
Q8NEY1	959	K
Q8NEY1	1210	K
Q5SYE7	674	K
P30414	1271	K
Q96P71	136	K
Q96P71	128	K
Q6P4R8	1100	K
Q6P4R8	322	K
Q6P4R8	324	K
Q14980	1335	K
Q14980	1078	K
P37198	504	K
Q02509	283	K
Q15154	382	K
O95153	1414	K
P42338	539	K
P42338	972	K
Q6IQ23	914	K
Q6IQ23	1085	K
Q6IQ23	146	K
Q9UKK3	1156	K
Q9UJV9	184	K
Q9HD20	404	K
Q9NR48	2287	K
Q9NR48	273	K
Q16647	216	K
Q6P444	43	K
Q5TB80	1136	K
Q5TB80	1137	K
Q5TB80	984	K
Q5TB80	650	K
Q5TB80	739	K
Q8IX03	1049	K
Q9GZM5	141	K
Q92954	334	K
Q92954	319	K
Q6V0I7	4542	K
Q6V0I7	3372	K
Q7L2E3	1139	K
Q5T890	300	K
Q9HCE1	816	K
Q8TEA1	453	K
Q76L83	663	K
Q76L83	615	K
Q8TC12	112	K
P42331	576	K
P42696	414	K
Q5JTH9	265	K
Q5JTH9	1234	K
Q5JTH9	1236	K
P21817	1031	K
P21817	3616	K
P21817	3626	K
Q92736	4452	K
Q92736	4454	K
Q92736	3010	K
Q92736	2136	K
Q92736	3325	K
Q96BU1	305	K
Q8IYB3	735	K
Q13535	1897	K
Q9P0L2	290	K
P36873	113	K
Q9BYB0	1191	K
P42224	209	K
Q2NKQ1	388	K
Q2NKQ1	392	K
P62318	104	K
P31639	372	K
Q13813	1856	K
Q13813	1759	K
Q13813	1138	K
Q13813	1023	K
O15020	422	K
Q9P2P6	169	K
Q96SB8	786	K
Q9BX26	919	K
Q9BX26	1017	K
Q9BXT5	1079	K
Q96EK4	276	K
Q8WZ42	11368	K
Q8WZ42	33902	K
Q8WZ42	11230	K
Q8WZ42	11237	K
Q8WZ42	12006	K
Q8WZ42	33674	K
Q8WZ42	22393	K
Q8WZ42	23974	K
Q8WZ42	23993	K
Q8WZ42	13175	K
P46100	838	K
P46100	1699	K
O95359	2137	K
O95359	2143	K
Q92616	2373	K
Q92616	52	K
Q92616	599	K
Q92616	609	K
Q92616	2247	K
Q9UGP8	288	K
Q96MV1	168	K
O15417	1710	K
O15417	1643	K
Q587J7	104	K
P51451	13	K
P54577	32	K
Q9P275	695	K
Q9P275	694	K
Q96K76	1139	K
Q9BPX7	28	R
O95568	353	K
P15918	237	K
Q96RL7	1481	K
Q96RL7	377	K
Q7Z7G8	2723	K
Q709C8	3073	K
Q96DN5	403	K
Q96DN5	782	K
Q8ND82	594	K
P42766	48	R
Q8IZT6	2641	R
Q8IZT6	1982	R
Q92688	14	R
O95996	138	R
O95996	1656	R
O95996	455	R
O95996	1648	R
O95996	1929	R
Q9Y6U3	348	R
Q8TCU4	4145	R
Q6UB99	1524	R
Q8N7Z5	1449	R
P46013	113	R
P46013	3011	R
Q96KQ4	703	R
Q96KQ4	137	R
Q9P2R6	452	R
P01160	123	R
Q32NB8	184	R
Q9NXG0	1198	R
Q7Z7A1	946	R
P49454	567	R
Q9UPV0	635	R
Q8TD26	1549	R
O95232	99	R
Q8IYE0	741	R
Q8NCX0	1088	R
Q96LX7	511	R
Q9H0W5	208	R
Q9H0W5	209	R
Q9H0W5	511	R
Q8IUI8	403	R
Q14204	1710	R
Q14204	2511	R
Q9BTC0	179	R
Q9Y2E4	106	R
Q9Y2E4	1291	R
Q9UHC1	224	R
P78527	2404	R
Q02750	181	R
Q8TD57	2926	R
Q96JB1	4311	R
P32249	321	R
Q9H9T3	361	R
Q9H9T3	462	R
Q8N3Y7	54	R
Q96QU8	88	R
P51116	325	R
Q9C091	979	R
Q92574	86	R
Q92831	320	R
Q7Z2Y8	203	R
Q9HDC5	348	R
Q9NS87	912	R
Q4G0J3	468	R
O95447	301	R
Q9C0D2	1238	R
Q96A59	42	R
P35240	516	R
Q7Z494	1123	R
Q8NF91	1315	R
Q8NF91	1888	R
Q6ZMZ3	841	R
Q8NEY1	40	R
Q5SYE7	1514	R
P30414	710	R
Q6P4R8	564	R
Q6P4R8	112	R
Q9BXS6	91	R
Q6ZRI0	618	R
O95153	1593	R
Q6IQ23	1040	R
Q6IQ23	586	R
Q9HD20	428	R
Q9NR48	830	R
Q6P444	153	R
O94915	1199	R
O94915	1760	R
Q8IX03	909	R
Q8IX03	972	R
Q92954	1044	R
Q6V0I7	4065	R
Q5T890	294	R
Q8TC12	218	R
P42331	389	R
O94989	633	R
O94989	617	R
P21817	4315	R
P21817	1618	R
Q9BXM7	83	R
Q9BXM7	66	R
Q9BYB0	779	R
Q2NKQ1	16	R
Q2NKQ1	673	R
Q13813	1756	R
Q13813	1331	R
Q13813	1196	R
Q9P2P6	2208	R
Q8WXE9	848	R
Q9BX26	1514	R
Q8WZ42	18726	R
Q8WZ42	27365	R
Q8WZ42	9172	R
Q8WZ42	33672	R
O95359	2131	R
Q07283	113	R
Q07283	1236	R
Q07283	601	R
Q07283	604	R
P54577	16	R
O95568	98	R
Q96RL7	1471	R
Q96RL7	1462	R
Q7Z7G8	1598	R
Q7Z7G8	1416	R
Q9P1Z0	590	R
Q8ND82	330	R
Q8TF50	462	R
Q92688	15	T
O95996	1894	T
O95996	1923	T
Q6UB98	396	T
P46013	1213	T
P46013	3009	T
P46013	543	T
Q9P2R6	664	T
Q8IXH8	766	T
O60716	310	T
Q6YHK3	249	T
Q9NXG0	690	T
Q7Z7A1	339	T
P49454	2070	T
Q8TD26	191	T
Q9ULV3	673	T
Q8NCX0	205	T
Q96LX7	241	T
Q96LX7	419	T
Q9H0W5	463	T
Q2M329	147	T
Q8NA66	177	T
P35663	209	T
P35663	216	T
P35663	57	T
Q9BTC0	79	T
Q5VWQ8	550	T
Q5VWQ8	552	T
Q8TD57	370	T
Q8TD57	2855	T
Q96JB1	2878	T
P51116	204	T
P43250	185	T
Q9C091	720	T
Q9Y4B4	565	T
Q02539	162	T
Q8TEX9	776	T
Q9NZM3	1444	T
P50213	172	T
P41252	914	T
P41252	134	T
Q9Y2K7	526	T
O94953	1025	T
Q9HDC5	350	T
Q9NS87	258	T
Q9HBM1	100	T
Q4G0J3	126	T
Q4G0J3	569	T
Q8IWI9	588	T
Q8IWI9	589	T
P46821	626	T
P20929	4752	T
Q8NF91	1527	T
Q8NF91	3133	T
Q8NF91	5452	T
Q8WXH0	5581	T
Q6ZMZ3	299	T
Q09666	694	T
Q09666	199	T
Q5SYE7	1418	T
Q14980	2007	T
Q6ZRI0	621	T
Q15154	1246	T
Q15154	1236	T
Q6IQ23	909	T
Q9HD20	429	T
Q9NR48	1819	T
Q9NR48	379	T
Q9NR48	284	T
Q53EL6	299	T
Q16647	179	T
Q92954	292	T
Q92954	446	T
Q6V0I7	4281	T
Q5T890	264	T
P42331	385	T
O94989	615	T
P21817	1616	T
P21817	3513	T
Q92736	330	T
Q92736	3005	T
Q96G97	221	T
Q8IYB3	385	T
Q13535	113	T
Q9BYB0	687	T
Q9BYB0	780	T
Q2NKQ1	474	T
Q2NKQ1	477	T
Q13813	667	T
O15020	684	T
O15020	360	T
Q9P2P6	1056	T
Q96SB8	160	T
Q9BX26	1006	T
Q6N022	1968	T
Q9BXT5	314	T
Q9BXT5	212	T
Q9BXT5	216	T
Q8WZ42	608	T
Q8WZ42	617	T
Q8WZ42	8430	T
Q8WZ42	17202	T
Q8WZ42	22397	T
Q8WZ42	132	T
Q96QT4	1467	T
Q92616	1602	T
Q9UGP8	537	T
Q9P275	467	T
Q96K76	50	T
Q9BPX7	70	T
P15918	238	T
Q709C8	3649	T
Q709C8	676	T
Q709C8	674	T
Q709C8	684	T
P36543	195	T
Q8N883	413	T
Q04446	127	P
O95996	1892	P
O95996	1941	P
Q99996	3534	P
Q9UDR5	61	P
Q8TCU4	1649	P
Q6UB98	1065	P
P46013	2654	P
P46013	2656	P
P46013	112	P
Q9P2R6	442	P
Q9UBB4	43	P
Q32NB8	154	P
Q32NB8	181	P
Q9ULV3	377	P
Q9ULV3	388	P
Q9ULV3	685	P
Q8NCX0	1089	P
Q96LX7	239	P
Q9H0W5	510	P
Q14204	3942	P
Q9Y2E4	111	P
Q9UHC1	281	P
Q02750	162	P
Q969S9	37	P
Q16666	139	P
Q9UHL9	397	P
Q9C091	1032	P
Q9P2D3	2029	P
P19113	437	P
Q02539	202	P
Q03164	454	P
Q8TEX9	709	P
Q9Y4C1	844	P
Q9Y4C1	1040	P
Q9Y4C1	474	P
Q9C0D2	1234	P
Q15046	435	P
Q8IWI9	1420	P
P46821	656	P
P46821	706	P
P46821	757	P
P46821	630	P
Q8WXH0	2550	P
Q6ZMZ3	187	P
Q09666	683	P
Q09666	1132	P
Q09666	1867	P
Q09666	3296	P
Q09666	5715	P
O94856	631	P
P12036	871	P
P12036	971	P
Q8NEY1	50	P
Q8NEY1	44	P
P30414	288	P
Q14980	2011	P
Q14980	1994	P
P42338	502	P
Q5H9U9	1226	P
Q9HD20	896	P
Q9NR48	1982	P
Q9NR48	831	P
Q9NR48	2803	P
Q6P444	296	P
Q96QU4	39	P
Q96QU4	169	P
O94915	957	P
Q6V0I7	4543	P
Q5T890	19	P
Q8TEA1	245	P
Q76L83	296	P
O94989	243	P
Q5JTH9	1250	P
Q92736	3321	P
Q8IYB3	794	P
Q8IYB3	739	P
Q9P0L2	296	P
Q9BYB0	681	P
Q9BYB0	685	P
Q9BYB0	778	P
Q9BYB0	770	P
P62318	81	P
O43868	33	P
O43868	137	P
O15020	801	P
O15020	356	P
Q9C093	765	P
Q9C093	21	P
Q9P2P6	2991	P
Q12772	317	P
Q8WZ42	18737	P
Q8WZ42	18733	P
Q8WZ42	10511	P
Q8WZ42	23667	P
Q8WZ42	23670	P
Q8WZ42	11109	P
Q8WZ42	10754	P
O95359	1092	P
O95359	1096	P
Q92616	2017	P
Q9UGP8	536	P
Q9UGP8	68	P
O15417	1645	P
O15417	439	P
O15417	445	P
O15417	1536	P
Q9P275	840	P
Q9P275	465	P
Q96K76	1137	P
Q9Y6A4	74	P
Q96DN5	407	P
Q9P1Z0	419	P
Q8ND82	97	P
Q8TF50	386	P
M0ZM32	108	K
M0ZM32	119	K
M0ZM32	55	R
M0ZM32	142	R
M0ZM32	516	T
M1CNJ1	576	W
M1CNJ1	637	W
M1CNJ1	245	W
M1CNJ1	831	R
M1CNJ1	834	R
M0ZGZ5	34	K
M0ZGZ5	25	K
M0ZGZ5	29	T
M0ZGZ5	31	K
M1AWV2	320	T
M1AWV2	152	T
M1AWV2	154	T
M1AWV2	159	K
M1B0N0	332	K
M1B0N0	335	K
M1B0N0	344	T
M1CAQ2	17	K
M1CAQ2	27	K
M1CAQ2	616	R
M1CL81	171	K
M1CL81	176	T
M1CL81	180	T
M1CMQ3	361	K
M1CMQ3	370	T
M1CMQ3	376	K
M1B2R2	139	T
M1B2R2	165	K
M1B2R2	168	T
M1D0I5	160	T
M1D0I5	164	T
M1D0I5	167	K
M1BAC4	188	K
M1BAC4	197	T
M1BAC4	97	R
M1AML0	644	T
M1AML0	646	T
M1AML0	650	T
M1ARB8	155	K
M1ARB8	160	K
M1ARB8	162	K
M1B839	200	R
M1B839	14	T
M1B839	15	T
M1CRA1	17	T
M1CRA1	20	T
M1CRA1	27	T
M1BZ69	267	K
M1BZ69	139	K
M1BZ69	163	K
M1BZ69	166	T
M1D6A3	98	K
M1D6A3	147	W
M1D6A3	168	K
M1AQS2	263	R
M1AQS2	363	W
M1B4K0	291	R
M1B4K0	483	K
M1B885	5	T
M1B885	11	T
M1BJW2	53	T
M1BJW2	54	T
M1AEM4	379	R
M1AEM4	381	R
M1AHN5	267	R
M1AHN5	194	T
M0ZS71	52	T
M0ZS71	57	K
M0ZNF6	290	T
M0ZNF6	297	T
M1CAY5	130	T
M1CAY5	135	K
M1CQF8	142	R
M1CQF8	151	R
M1A4Q8	332	T
M1A4Q8	334	K
M1CLW9	221	K
M1CLW9	225	T
M0ZSI2	98	R
M0ZSI2	103	R
M0ZSN9	28	T
M0ZSN9	29	K
UPI0003D28E79	518	R
UPI0003D28E79	528	R
M1C7L6	67	T
M1C7L6	69	K
M0ZID5	347	K
M0ZID5	351	K
M1A7K0	302	K
M1A7K0	305	K
M0ZY90	155	R
M0ZY90	158	R
M1AY79	51	W
M1AY79	231	R
M1CTV7	128	W
M1CTV7	87	W
M1BWW8	8	R
M1BWW8	16	R
M0ZPM9	245	W
M0ZPM9	3	K
M1BT60	76	W
M1BT60	91	T
M1C5X7	245	W
M1C5X7	576	W
M1A5G6	91	W
M1A5G6	112	W
M1BDU1	85	K
M1ATB8	41	W
M1ATB8	34	W
K7WP02	151	R
K7WP02	171	K
M1CTR3	726	W
M1CTR3	572	T
M1A2V7	533	K
M1C4K2	515	T
M1BLB0	120	K
M1A0L4	510	R
M1CY57	67	R
M1ABB2	350	K
M0ZJD1	59	T
M1D5C6	472	T
M0ZHD0	257	R
M1CMV3	200	K
M1B3C1	530	R
M1C6U3	343	R
M1CBQ1	79	R
M1CRY0	109	R
M1CDF0	87	R
M1AGJ5	544	R
M1A731	695	T
M1D7T8	92	K
M1C6C4	48	T
M1C5S9	262	T
M1BPM0	40	R
M1BE47	122	R
M1C4Z7	68	K
M0ZM56	23	T
M0ZMF9	140	T
M1CVI5	18	R
M1ALD4	5	R
M1ACZ6	167	T
M1ASP1	39	K
M1C5I5	369	R
M0ZHA3	81	R
M1CIV9	77	R
M1BN86	224	R
M1CQY2	360	W
M1BKZ2	72	W
M1AFA9	407	R
M0ZI69	15	K
M1A3A0	394	R
O24391	285	W
M1C2P1	168	R
M1AU08	130	W
M1AI67	34	W
Q43840	416	W
M0ZLN7	14	R
M1ATY8	75	W
M1B0U2	10	W
P42056	245	W
M1CSH0	177	W
M0ZHT9	194	T
M1DCM6	6	K
M1BC62	336	K
P42055	3	K
M1CD82	308	K
M1CD82	116	K
M1CSB2	76	R
M0ZXI5	466	T
M1B641	265	K
M1B8S4	176	T
M1D616	223	T
M1CAI4	88	W
M1CL95	75	W
M0ZWY7	264	K
M1A5X1	147	T
M1AGW8	156	T
M1A6G8	343	W
M0ZI98	324	W
M1A028	249	T
M1B744	258	T
Q02218	291	K
Q02218	27	R
Q02218	979	R
Q02218	981	K
P09110	290	R
P09110	292	K
P09110	261	K
P09110	265	K
P09110	209	K
P09110	216	K
P11766	165	P
P11766	186	T
P11766	170	C
P11766	188	K
P11766	100	C
Q86UQ4	2074	R
Q86UQ4	2077	H
P53396	332	H
P53396	66	R
Q9UDT6	660	H
Q9UDT6	678	H
Q96DG6	38	P
Q96DG6	59	T
Q96DG6	36	K
A5YKK6	152	K
A5YKK6	1193	K
A5YKK6	1206	K
B3KMX6	233	K
B3KMX6	245	C
B3KMX6	388	H
B3KMX6	394	K
B3KMX6	662	K
B3KMX6	681	K
O14646	88	K
O14646	1153	R
O14646	1160	K
P12259	6	P
P12111	2800	K
P12111	1712	K
P13671	720	R
P13671	102	K
P13671	503	K
P13671	504	R
Q9UI17	3	R
P78527	2132	K
P78527	2143	R
P78527	2254	R
P49327	2428	R
P49327	1771	K
P49327	1885	K
Q9Y4F1	342	R
P21333	2003	R
P21333	2013	P
Q05397	361	R
Q14789	1999	K
Q14789	2004	K
Q14789	1910	K
Q14789	2383	K
Q6WRI0	75	T
Q6WRI0	97	P
Q6WRI0	2490	T
Q6WRI0	1458	R
P48048	206	K
O76013	434	T
O76013	435	P
O15230	3013	P
O15230	4	R
O15230	2249	R
P11047	1061	T
P11047	297	K
P11047	302	K
Q15046	421	K
Q15046	427	C
P56192	866	K
P56192	880	K
P78559	2476	R
P35580	232	K
P35580	1627	K
Q3T906	254	K
Q09666	5197	P
Q09666	5325	H
Q09666	5346	K
Q09666	2342	K
O75376	451	K
Q8TD55	83	R
P08397	74	K
O00507	92	K
O00507	108	K
O00507	117	C
O00507	813	H
Q7Z5N4	1473	K
Q7Z5N4	1474	R
P22735	143	R
P04626	203	R
Q9HAU5	716	R
Q9HAU5	507	K
Q8NFY4	19	R
Q8NFY4	273	H
Q9UHD8	504	H
Q9UHD8	511	K
Q9UHD8	25	P
Q8IYB3	37	K
Q8IYB3	54	K
Q8IYB3	434	R
Q8IYB3	438	K
Q8IYB3	372	K
Q8IYB3	373	K
P02768	289	C
P02768	269	C
P02768	485	C
P02768	490	K
P02768	490	K
O95810	91	K
O95810	102	K
P11277	569	K
P11277	102	K
Q8WWQ8	2508	K
O15260	266	K
Q9Y490	1530	K
Q12866	112	K
Q12866	132	K
Q92614	1124	R
Q92614	1136	H
Q92614	1627	R
Q9NY47	517	K
Q9NY47	1065	C
Q9NY47	838	R
P08253	18	C
O00468	1739	R
O43681	242	T
O43681	243	T
P61221	63	K
O60241	389	R
O60241	399	K
Q9P1Y5	258	K
O75976	857	T
O75976	859	K
P15924	2780	K
P52701	598	K
P52701	603	K
P11388	567	H
P11388	579	K
Q14203	393	K
Q14203	397	K
O75369	426	H
O75369	152	K
Q96RW7	1816	K
Q96RW7	1829	K
Q96RW7	3378	K
Q96RW7	73	R
Q99683	1271	H
Q99683	1277	K
P35579	968	T
P35579	972	K
Q13423	229	K
Q13423	247	K
P23368	36	K
P23368	56	P
Q9UHQ9	177	K
Q9UHQ9	178	K
O75694	1322	H
O00750	737	T
O00750	751	R
Q14005	596	K
Q14005	601	P
Q5FWE3	193	K
Q5FWE3	214	H
Q07954	3993	K
Q07954	4025	K
Q07954	3941	H
Q8N8S7	22	K
Q8N8S7	47	R
Q8WUJ3	258	K
P46940	935	K
Q9P2N5	840	C
Q9P2N5	847	K
P61011	85	K
O75691	1127	T
Q13813	673	K
P46100	1528	P
P55072	389	K
P55072	225	R
Q9UIG0	1018	K
O75643	1556	K
O75643	1557	K
P35968	18	R
P13611	1115	K
P61247	28	K
P61247	42	R
P55285	133	R
P00451	1220	K
P01031	1308	R
P01031	1318	K
O43184	26	C
O43184	29	R
Q5T1M5	287	R
Q5T1M5	288	R
P00390	102	C
P00390	110	K
Q9Y4L1	821	R
Q9Y4L1	837	K
Q06033	53	K
Q5T5S1	149	R
Q5T5S1	157	K
Q8N2S1	695	R
P10721	236	K
P52179	744	K
P52179	763	K
P12882	354	K
P12882	368	K
Q8IVL1	1760	K
Q6P158	558	R
Q14146	1306	R
O00571	162	K
Q8N4F0	98	T
P01024	1084	K
P11532	2785	K
P49411	351	K
P49411	361	K
P11362	178	C
P11362	192	K
P51124	59	K
Q96Q89	1570	K
Q6UXK5	272	K
Q6UXK5	277	K
O60449	1568	H
O60449	1576	K
O43684	222	K
P12883	1182	T
P12883	1188	T
P12883	400	C
Q04759	503	R
Q04759	506	K
P51532	458	K
P23458	982	K
P23458	989	K
P10809	82	K
Q9NYV4	646	K
Q12882	364	R
O75071	62	K
Q86WI1	3533	K
Q86WI1	2878	K
Q14324	942	K
Q14324	687	K
Q14324	702	K
O75051	1753	K
Q8N3C0	1826	H
Q8N3C0	1833	K
Q8N3C0	1663	K
Q4VC31	46	K
P30038	4	P
Q5T4S7	2706	R
Q5T4S7	1895	R
P23229	68	R
P23229	76	R
P23229	535	C
P23229	539	K
P42704	627	R
Q9Y6R4	1072	K
Q9Y6R4	1445	K
Q9Y6R4	1462	R
Q15149	338	K
Q15149	3094	K
P05023	162	K
Q9Y4I1	361	C
Q9Y4I1	372	C
Q9UHI8	935	C
P98160	2972	H
P98160	2979	H
Q14204	809	K
Q7Z6Z7	1780	R
Q6PKG0	128	T
Q6PKG0	137	T
Q00653	301	R
Q00653	311	R
P04181	31	K
Q6P2Q9	1823	H
Q6P2Q9	1831	K
Q13576	606	H
Q9UL25	126	C
Q9UL25	138	K
P21860	984	P
P21860	992	P
O15075	82	R
O75093	533	K
Q9HBL0	51	H
Q9HBL0	71	H
Q9UPZ6	1605	K
Q9UPZ6	1634	K
Q9UPZ6	616	C
P01266	1960	K
O14776	693	R
O14776	700	K
Q92616	59	H
P71489	62	W
Q5EG47	141	C
Q5EG47	185	C
Q5EG47	238	C
Q5EG47	313	C
Q9R078	223	C
P0DOX7	5	T
P0DOX7	8	P
P0DOX7	18	R
P0DOX7	20	T
P0DOX7	22	T
P0DOX7	24	R
P0DOX7	69	T
P0DOX7	74	T
P0DOX7	80	P
P0DOX7	85	T
P0DOX7	109	T
P0DOX7	113	P
P0DOX7	141	P
P0DOX7	164	T
P0DOX7	172	T
P0DOX7	180	T
P0DOX7	204	P
P0DOX7	206	T
P0DOX5	19	R
P0DOX5	116	T
P0DOX5	122	T
P0DOX5	137	T
P0DOX5	157	T
P0DOX5	166	T
P0DOX5	191	P
P0DOX5	197	T
P0DOX5	207	K
P0DOX5	216	K
P0DOX5	227	T
P0DOX5	257	R
P0DOX5	258	T
P0DOX5	273	P
P0DOX5	292	K
P0DOX5	331	P
P0DOX5	376	P
P0DOX5	389	P
P0DOX5	395	T
P0DOX5	396	T
P0DOX5	397	P
P08670	235	K
P08670	235	K
Q6K669	172	R
B8AN06	104	R
Q656V3	59	R
Q656V3	62	P
Q6Z070	134	R
Q656V3	60	P
Q10M12	178	P
Q2R8R1	75	T
Q7Y003	519	R
Q656A2	94	T
B9EWG4	529	K
B9FH74	249	P
Q8LNF5	15	P
Q8LNF5	25	T
A2YSG8	149	R
A2YSG8	163	R
A2XGN6	309	R
A2WYJ5	16	R
B9G257	300	R
Q10RL4	131	R
Q84SQ2	74	P
Q84SQ2	78	R
Q53JW6	185	K
Q6H4F8	75	P
B9FVD6	314	T
Q5WML5	133	K
Q0ILS0	8	P
Q0ILS0	10	R
Q67VZ0	43	R
Q67VZ0	44	T
Q67VZ0	49	K
Q0JF74	12	R
Q10QG3	104	R
Q852L2	149	P
Q852L2	80	R
Q852L2	216	K
Q852L2	220	R
Q852L2	222	R
B7ERQ1	197	K
P0C5C8	197	K
B7ERQ1	199	P
P0C5C8	199	P
B7ERQ1	21	K
P0C5C8	21	K
B7ERQ1	195	K
P0C5C8	195	K
B7ERQ1	9	T
P0C5C8	9	T
P0C5C8	11	P
B7ERQ1	11	P
B7ERQ1	2	P
P0C5C8	2	P
B7ERQ1	5	T
P0C5C8	5	T
B7ERQ1	18	T
P0C5C8	18	T
B7ERQ1	43	T
P0C5C8	43	T
P0C5C8	47	T
B7ERQ1	47	T
B7ERQ1	44	P
P0C5C8	44	P
B7ERQ1	48	T
B7ERQ1	39	P
B7ERQ1	23	R
P0C5C8	23	R
B7ERQ1	182	R
P0C5C8	182	R
B7ERQ1	211	K
P0C5C8	211	K
Q7F7Z3	7	K
Q84UT7	390	T
Q84UT7	396	T
Q84UT7	393	T
Q84UT7	395	T
Q9AWU6	7	T
Q6Z539	104	R
Q7XXQ8	243	R
Q10C90	9	R
Q10C90	10	P
Q0DKV9	162	K
Q0DKV9	164	P
Q0DKV9	80	P
Q0DKV9	209	T
Q0DKV9	212	T
Q0DKV9	78	T
Q0DKV9	82	K
Q0DKV9	88	P
Q0DKV9	90	P
Q8S1K6	48	R
Q2QWZ2	290	R
Q2QWZ2	294	T
Q9ARP7	154	R
Q8LM92	175	P
Q7X817	620	P
Q94LR9	65	K
Q94LR9	66	R
Q94LR9	72	T
Q5ZBH8	302	K
Q6Z4C0	208	T
Q6Z4C0	214	T
Q10DV7	240	K
B9G449	353	R
A2Z2G1	359	K
Q0J0U8	359	K
A2Z2G1	70	P
Q0J0U8	70	P
A2XEX0	116	P
A2XEX0	125	K
Q8GTB0	647	P
Q10RW9	480	T
Q10RW9	484	T
Q75HJ3	242	K
Q8H2J8	18	P
B8B7B6	9	T
Q8S9G2	92	T
A3C5J8	136	K
Q0IQF7	20	K
Q7XEQ3	127	T
Q0JDZ7	60	R
Q65WT5	79	T
Q2QLY5	103	T
Q2QLY5	105	P
Q10QZ6	187	K
Q10QZ6	391	K
Q10QZ6	192	P
Q7XTK1	36	T
Q6H4L2	36	T
Q6H4L2	34	T
Q7XTK1	34	T
Q93Y73	167	P
Q2QMG2	166	P
P14717	6	P
P14717	9	K
Q6Z7B0	310	R
Q0JD02	185	T
Q0JD02	164	P
Q9XGY5	47	T
A3AXT8	456	T
Q6L4F8	8	T
B8AIZ7	148	T
B8AKN9	10	P
Q2QT46	8	P
Q0ITK1	274	P
A2XEW1	132	K
A2WKD5	20	P
E5D3J7	20	P
A2WKD5	30	P
E5D3J7	30	P
A2WKD5	32	T
E5KIK8	32	T
E5D3J7	32	T
A2WKD5	121	K
A2WKD5	116	K
A2WKD5	26	R
E5D3J7	26	R
A2XEX0	138	P
A2XEX0	121	P
Q10P60	54	T
Q10P60	51	R
Q53M11	160	R
E5D3J8	109	R
E5D3J8	111	P
E5D3J8	120	K
E5KIK8	12	P
E5KIK8	26	R
E5KIK8	20	P
E5KIK8	30	P
E5D3J7	112	P
E5D3J7	110	R
Q0J0U8	228	K
Q0J0U8	229	K
Q0J0U8	235	K
Q53NM9	350	P
Q84TA1	351	P
Q10NA9	350	P
Q53NM9	175	R
Q84TA1	176	R
Q10NA9	4	K
Q10NA1	351	P
Q84TA1	634	P
Q6K7E9	7	T
B8AJJ8	7	T
Q0D3B8	60	T
Q0D3B8	62	K
A2ZG24	188	K
B6F2C1	32	P
B6F2C1	83	T
B6F2C1	87	P
B6F2C1	93	P
B6F2C1	96	T
B6F2C1	146	T
Q7XWP9	438	T
Q69TY4	78	P
Q69TY4	81	T
Q8GVQ8	89	R
Q8GVQ8	91	R
A2Y2B1	269	P
A2Y2B1	303	T
A2Y2B1	306	T
B9EZ14	415	T
A2WTW6	262	R
A2WTW6	22	T
B9FW82	229	P
Q75LE2	58	R
Q6L4F8	21	T
B8AF09	258	T
Q7FAH2	239	T
B8AF09	103	P
B8AF09	188	R
Q7FAH2	169	R
I3QD45	236	R
P17784	283	K
P17784	275	T
Q5N725	275	T
Q7FAH2	77	T
Q7FAH2	82	R
A2WNV6	431	K
Q43803	180	T
Q7Y0E6	55	T
Q7Y0E6	65	P
Q7Y0E6	66	T
Q6F3E9	127	R
Q9XGU8	321	K
Q9XGU8	325	T
Q9XGU8	394	T
Q7XMA0	375	K
Q7XMA0	379	T
B7EKA4	6	T
B7EKA4	10	T
B7EKA4	149	T
P93438	148	T
P93438	5	T
Q6L4L7	486	P
Q7XKB5	189	P
Q7XPY2	550	P
Q6AT24	74	K
Q69X22	204	P
Q9LKM2	9	T
Q9AUV6	344	T
A3CB05	10	T
Q67IU5	20	P
A3AIA4	38	K
Q9FRX7	59	P
B9EYR4	82	K
B9EYR4	89	P
Q2QZU9	1936	K
Q6K701	167	T
Q0D840	14	K
Q5TKJ2	6	K
Q5TKJ2	193	P
Q0JKB4	391	P
Q0JKB4	396	T
Q0JKB4	398	P
Q0JKB4	383	T
J7EYN3	322	T
J7EYN3	335	T
Q651T8	296	T
Q651T8	323	R
Q9FVZ7	184	P
Q6ZJI3	11	P
Q6AUF3	93	T
Q69XJ0	104	R
A3AX85	339	K
Q6ATR5	180	P
Q6ATR5	181	T
Q84M87	885	T
Q84M87	887	R
Q67G20	233	K
Q60EM2	17	R
Q0JRD5	6	T
Q657Y3	3	T
B9EX46	346	R
P60710	196	R
P63260	196	R
Q8BHC9	188	R
Q61878	159	W
P49290	179	H
P49290	576	R
P49290	577	R
P49290	677	C
P49290	347	R
P01872	130	K
P01872	129	R
Q7TPR4	717	W
P17182	15	R
P56480	400	P
P14211	33	W
O35744	250	W
O35658	159	R
Q60710	46	W
Q61696	187	R
P16627	65	P
P07901	295	K
P07901	298	W
P11499	289	W
P11499	286	K
P02088	38	W
P02089	96	K
P02089	21	P
P02089	59	P
P24452	229	K
P24452	233	K
P08249	103	P
P41245	564	R
Q9CR62	190	R
Q9CR62	186	P
P26041	43	W
P11247	637	C
Q61233	379	K
Q61233	375	P
Q99K51	151	P
P29351	142	P
P29351	136	R
P10719	378	H
P10719	480	K
P10719	501	H
P10719	527	H
P29147	63	C
P29147	115	C
P29147	288	C
Q9Z2L0	274	K
Q9Z2L0	273	H
Q09073	40	H
P18163	52	K
P18163	660	H
P07756	600	C
P07756	1382	H
P09118	59	H
P09118	76	H
P63039	267	H
P63039	442	C
B6DYQ4	50	C
B6DYQ4	117	H
P04762	377	C
P04762	63	H
P04762	166	H
Q64644	270	H
Q64644	20	H
Q64644	421	C
P35435	66	H
P13437	158	K
B0BN52	98	C
Q5XIH7	69	H
Q9R1Z0	36	C
Q9R1Z0	273	H
Q63965	171	H
P32551	80	H
P10888	131	H
Q63276	18	H
P97521	205	H
P97521	61	K
Q561S0	67	C
P81155	285	H
P81155	48	C
P97562	230	H
O89035	180	C
P52873	428	K
Q02253	415	K
P11884	270	H
P00507	187	C
P27364	262	H
P45953	526	H
Q5BK63	122	H
Q60587	226	H
P32089	152	H
Q641Z9	55	H
B0K020	90	H
P30839	180	H
Q61176	210	K
Q91YI0	288	K
P29758	374	K
P41216	510	C
Q9QXD1	556	K
O08601	414	K
Q8VCH0	55	C
Q91Y97	322	K
Q03265	45	K
Q05920	966	K
Q8K2B3	250	K
O35728	67	K
P63017	328	K
O70126	136	H
O89094	136	C
Q6A078	1725	K
Q8VCT4	540	K
Q8C5K5	24	C
Q8BW74	281	C
P59325	271	K
Q7TNC6	1463	C
Q99P88	253	K
Q8C165	297	K
Q6P1Z5	405	C
P68368	61	H
A2ASS6	10584	K
Q6P8J7	81	T
Q6P8J7	142	P
Q99KI0	602	P
P56480	110	T
P63038	61	T
P08473	93	K
P08473	472	K
P84997	25	H
P84997	37	H
P84997	82	H
P84997	89	H
P84997	94	H
P84997	120	H
P84997	153	H
B7U9B5	25	H
B7U9B5	37	H
B7U9B5	65	H
B7U9B5	82	H
B7U9B5	89	H
B7U9B5	98	H
B7U9B5	114	H
B7U9B5	117	H
B7U9B5	120	H
P02769	28	K
P02769	30	E
P02769	31	I
P02769	34	R
P02769	37	D
P02769	38	L
P02769	66	L
P02769	67	V
P02769	72	E
P02769	75	K
P02769	76	T
P02769	87	E
P02769	90	L
P02769	92	T
P02769	104	L
P02769	105	R
P02769	116	E
P02769	121	E
P02769	124	E
P02769	127	L
P02769	130	K
P02769	131	D
P02769	136	L
P02769	167	R
P02769	168	R
P02769	206	E
P02769	208	M
P02769	235	K
P02769	248	K
P02769	252	V
P02769	253	E
P02769	255	T
P02769	257	L
P02769	263	K
P02769	275	E
P02769	283	L
P02769	285	K
P02769	291	Q
P02769	293	T
P02769	294	I
P02769	300	E
P02769	305	P
P02769	306	L
P02769	315	E
P02769	326	P
P02769	344	E
P02769	348	A
P02769	350	L
P02769	375	E
P02769	399	K
P02769	405	D
P02769	407	P
P02769	410	L
P02769	420	K
P02769	431	I
P02769	432	V
P02769	455	K
P02769	473	E
P02769	478	L
P02769	479	I
P02769	485	V
P02769	486	L
P02769	489	K
P02769	492	V
P02769	516	P
P02769	527	E
P02769	528	K
P02769	529	L
P02769	544	K
P02769	554	E
P02769	563	T
P02769	565	E
P02769	566	Q
P02769	567	L
P02769	568	K
P02769	569	T
P02769	570	V
P02769	571	M
P02769	572	E
P02769	575	V
P02769	583	A
P02769	588	E
P02769	596	P
P02769	597	K
P02769	598	L
P02769	604	T
P02769	607	A
B9A064	158	K
P0DOY2	50	K
P0DOY2	48	P
Q14624	111	K
P02768	254	E
P0DOY2	60	K
P01857	212	P
P01008	71	K
P02647	230	K
P01011	370	T
P02768	580	E
P02768	572	M
P02787	225	K
P01042	273	T
P01597	27	T
P02675	417	T
P01019	75	K
P02647	51	R
P01834	76	K
P01009	241	K
P02768	353	M
P02768	351	L
P01009	34	K
P02671	448	K
P01024	1333	T
P02647	90	P
P02647	101	K
P02652	78	K
P02671	432	K
P01009	160	K
P02671	599	K
P02787	553	K
P02671	283	T
P02671	558	K
P01042	435	K
P01011	35	T
P02787	236	K
P02768	208	E
P01834	19	K
P01024	986	P
P02743	162	K
Q86V48	767	K
P01024	428	K
P06727	78	K
P02647	164	K
P01023	322	T
P04433	76	T
P01019	84	L
P01009	292	T
P01009	298	K
P02647	172	M
P02647	173	R
P01023	730	T
P02768	71	T
P02768	66	L
P02768	69	E
P02671	437	K
P01011	177	K
P01009	174	T
P02671	616	T
P00450	619	K
P02671	71	K
P01023	135	K
P02787	571	K
P02768	413	K
P02768	413	K
P02768	403	P
P02768	403	P
P25311	220	K
P02647	112	K
P02768	120	P
P02768	120	P
P02768	119	E
P01871	169	K
P02768	520	T
P02768	520	T
P02787	464	K
P02763	179	K
P02656	44	K
P01009	49	K
P01009	35	T
P02763	74	T
P00738	60	T
P00738	71	K
P00738	72	K
P00738	131	K
P00738	119	T
P01023	215	T
P02647	195	R
P01009	130	P
P00751	91	K
P02766	69	T
P02671	476	K
P01876	168	K
P02768	382	E
P02768	379	T
P00450	248	K
P01834	62	K
P01834	57	T
Q02487	374	L
P01009	346	T
P69905	30	L
P02768	440	P
P02768	440	P
P02647	130	K
P01834	42	K
P01857	209	K
P02647	136	M
P02679	128	T
P09919-2	31	T
P09919-2	46	K
P09919-2	68	T
P09919-2	74	P
P02768	65	K
P02768	524	K
P02768	59	P
P02768	176	P
P02768	204	P
P02768	306	P
P02768	323	P
P02768	363	P
P02768	408	P
P02768	445	P
P02768	465	P
P02768	471	P
P02768	510	P
P02768	523	P
P02768	92	T
P02768	190	T
P02768	260	T
P02768	267	T
P02768	446	T
P02768	491	T
P02768	498	T
P02768	502	T
P02768	530	T
P02768	564	T
P02768	168	R
P02768	169	R
P02768	169	R
P02768	184	R
P02768	434	R
P02768	452	R
P02768	469	R
P02768	469	R
P02768	509	R
P62260	4	R
Q794F9	53	K
P60711	328	K
P68035	330	K
P62738	330	K
P68035	217	K
P62738	217	K
P60711	206	R
P60711	210	R
P60711	213	K
P68035	208	R
P68035	212	R
P68035	215	K
P62738	208	R
P62738	212	R
P62738	215	K
P60711	50	K
P60711	61	K
P68035	52	K
P68035	63	K
P62738	52	K
P62738	63	K
P60711	291	K
P60711	18	K
P68035	75	H
P62738	75	H
P60711	73	H
Q68FP8	357	R
P25304	87	R
Q64563	114	K
Q5U312	635	R
Q5U312	652	R
P18484	569	K
Q78E60	220	K
Q78E60	47	R
Q78E60	62	K
Q1HG60	521	R
P80299	436	K
Q63120	907	R
Q6QD51	271	K
Q66H73	438	R
Q66H73	443	R
Q66H73	440	C
P20909	64	K
P20909	67	K
Q2IBD4	1543	R
Q2IBD4	263	K
P11951	76	K
P11951	67	R
Q9JJ79	2203	K
P25115	148	R
Q5U3Z6	464	R
Q5U3Z6	283	R
Q9EQ76	135	K
Q9EQ76	157	K
Q9EQ76	98	K
Q9EQ76	102	K
P97839	290	R
P97839	305	C
Q9JIL8	359	R
Q8VHZ8	1308	K
Q8VHZ8	1318	K
Q63164	1973	C
Q63164	1978	R
Q63170	845	K
Q63170	848	H
Q63170	858	K
Q66HC0	113	K
Q6RI88	797	H
Q6RI88	806	R
Q811X5	12	R
Q811X5	13	R
Q1JU68	1196	R
Q1JU68	578	R
O54923	82	K
P12785	39	R
P12785	41	K
P12785	2400	R
P12785	2402	H
P04937	508	C
P04937	2079	K
P04937	2080	K
P04937	1724	R
P04937	1726	K
P04937	1069	K
P04937	1076	K
P04937	1467	H
P04937	1445	K
P04937	1472	R
P04937	555	C
P04937	560	R
P04937	554	K
Q8K4T4	280	K
P19969	117	R
Q5U4E6	1888	R
Q5U4E6	1898	R
P62828	127	K
A1EC95	1211	H
A1EC95	1222	K
A1EC95	1209	H
Q9JJ50	528	R
Q9JJ50	534	R
Q62826	416	R
Q5TKR9	543	K
A4L9P5	213	K
D3ZWE7	73	C
D3ZWE7	81	K
D3ZWE7	331	K
D3ZWE7	333	R
D3ZWE7	336	K
Q80ZG2	559	C
Q80ZG2	564	K
Q80ZG2	565	K
Q99J82	56	R
Q6AYF9	424	K
P59824	538	K
P59824	540	H
P0C6R4	75	C
P0C6R4	81	R
P0C6R4	73	K
P70615	124	K
P70615	136	R
P70615	297	R
P70615	290	R
Q5XIN6	309	K
Q5XIN6	306	R
D3ZHV2	4466	H
D3ZHV2	4475	R
P49000	509	R
Q5EB94	361	H
Q5EB94	362	C
Q9ERE6	597	K
Q62812	1014	K
Q62812	835	K
Q62812	228	K
Q62812	225	K
P21555	246	K
P20156	598	R
Q501R9	904	K
P51839	9	H
P51839	24	R
P51839	30	R
O88436	163	R
O88436	166	H
P25113	251	K
P25113	253	K
P30427	2737	R
P30427	2102	K
P85125	7	H
P48679	470	K
Q99PT0	34	K
Q99PT0	590	K
Q66HD8	324	K
Q5FVF1	209	R
Q5FVF1	211	C
Q5FVF1	214	C
Q641Y6	350	K
Q62768	1707	R
Q62768	1718	K
Q5PQS4	47	R
Q5PQS4	51	R
Q63481	9	K
Q63481	20	K
Q63481	6	H
O54963	833	K
O54963	849	H
O54963	851	R
O54963	847	K
P49803	26	K
P49803	33	R
P49803	38	K
P49803	44	R
P49805	133	K
Q5XXR3	32	K
Q5XXR3	36	K
Q6AXN9	138	R
Q6AXN9	139	K
B0LPN4	3060	K
Q9QX72	162	R
Q9QX72	173	R
Q9QX72	163	R
Q9JIH7	933	K
Q9JIH7	958	K
Q9JIH7	64	R
Q9JIH7	76	R
Q9JIH7	264	R
Q9JIH7	294	K
Q9JIH7	295	K
Q9JIH7	296	C
Q9JHY2	47	R
Q8CJ99	9	R
Q9Z1M9	910	K
Q9Z1M9	895	R
Q9Z1M9	345	K
Q8VHQ7	477	H
Q8VHQ7	478	C
Q9JKC9	1087	R
Q9JKC9	1094	K
Q9JKC9	315	H
Q9JKC9	317	K
O08653	20	R
O08653	21	C
Q2WEA5	483	K
Q925B3	158	K
Q925B3	162	K
Q6MFY8	132	R
Q6MFY8	139	K
Q6MFY8	226	R
F1LNJ2	427	R
F1LNJ2	428	C
F1LNJ2	437	R
Q4V7A8	339	R
Q6MG21	662	K
Q6MG21	52	R
Q6MG21	54	K
P29534	160	K
P29534	161	K
P48974	366	R
P31000	437	H
P31000	439	K
P31000	292	K
P31000	155	R
P31000	158	R
Q810W9	902	K
P0CB49	993	R
P0CB49	1297	K
P0CB49	1306	R
P0CB49	1274	K
P0CB49	1286	K
Q62806	335	K
P23358	93	K
P23358	92	R
P37090	130	K
P37090	328	R
O35430	758	R
O35430	753	R
O35430	754	R
Q6IFT6	456	C
Q6IFT6	464	R
Q6IFT6	438	R
Q7TMA5	756	K
Q7TMA5	754	K
Q7TMA5	4624	K
Q8CF82	620	K
O35923	773	K
Q8R553	99	C
Q8R553	105	H
Q8R553	124	K
Q8R553	114	C
Q66H89	270	R
Q5XI03	625	K
Q8CJ58	20	C
Q8CJ58	41	K
Q8CJ58	40	C
P05371	298	K
Q811M5	164	C
Q811M5	171	R
Q920J3	316	R
Q9JJ79	848	R
Q9JJ79	1086	K
Q9JJ79	453	K
Q9Z330	4	R
Q2TL32	3714	C
Q2TL32	128	H
Q2TL32	134	K
Q2TL32	1017	P
Q2TL32	1944	R
Q2TL32	1790	R
Q2TL32	2208	K
Q6ED65	205	C
Q6ED65	202	C
Q6ED65	479	K
Q99372	680	K
Q99372	363	K
Q99372	231	K
Q99372	279	K
Q99372	290	K
O08719	250	K
Q1JU68	856	R
Q1JU68	857	K
F1LYQ8	90	K
F1LYQ8	272	K
P04937	1838	K
P04937	1970	K
P23574	423	R
P23574	412	C
Q62638	942	C
Q62638	950	K
Q62638	948	K
Q62638	943	H
Q62638	940	K
P49864	227	K
Q00715	24	K
Q4AE70	430	K
Q4AE70	445	K
Q63269	2029	K
Q76M68	908	K
Q76M68	912	K
Q68FX0	108	K
O88780	7	C
Q920F3	224	R
Q920F3	230	R
Q920F3	240	R
Q00918	981	R
P35400	864	K
D3ZS74	324	H
Q9Z2Q4	454	K
Q9Z2Q4	1141	C
Q9Z2Q4	1153	K
G3V9A7	112	K
G3V9A7	127	K
P20069	21	R
P20069	23	K
P20069	19	C
P56741	980	R
P97526	2438	H
P97526	2437	K
P97526	263	K
P97526	200	K
P97526	791	K
P29476	344	K
O08662	568	C
O08662	570	C
O08662	340	K
O54728	1191	K
Q6RFZ7	666	P
Q6RFZ7	486	R
Q63312	736	K
P27008	142	K
P27008	159	H
P27008	156	R
Q811A3	420	R
Q811A3	421	H
Q811A3	47	K
P97609	831	T
P97609	835	P
P97609	847	P
B2RYF1	291	H
Q9JKS6	4575	K
Q9JKS6	4955	K
Q9JKS6	4960	K
A1A5R7	292	R
A1A5R7	311	R
A1A5R7	60	C
A1A5R7	70	K
A1A5R7	85	K
F1LMY4	1587	P
F1LMY4	1589	P
F1LMY4	1593	P
B0LPN4	956	K
B0LPN4	3299	K
P18298	326	H
P18298	340	K
P18298	334	H
P18298	343	R
Q9JLS4	339	K
P83748	185	C
P83748	199	K
O54874	61	K
O54874	66	K
P42346	1540	T
A4L9P7	436	K
O88280	1520	R
O88280	233	R
O88280	234	R
O88280	247	H
O88280	692	K
O88280	697	K
O88420	1303	R
O88420	1300	R
O88420	1297	R
Q63638	399	R
P0C6B8	1108	P
P29288	207	H
P29288	216	H
Q5XHY3	9	H
Q64428	60	K
Q64428	359	K
Q64428	383	K
P97710	404	K
P97710	417	K
Q8VGC3	107	K
Q07652	800	R
Q9EQ60	1735	K
Q9ERH3	1264	R
Q9QY02	558	P
Q9QY02	571	R
Q9QY02	583	P
Q9QY02	570	P
Q499R0	979	K
P02768	105	R
P02768	141	R
P02768	44	K
P02768	246	R
P02754	76	K
P02754	82	C
P02754	85	K
P02754	122	C
P02754	176	C
P00711	113	K
P00711	130	C
P00711	133	K
P00711	141	K
P02663	56	K
P24627	28	C
P24627	367	C
P24627	447	R
P01888	39	K
P81265	384	C
P81265	496	K
P18892	127	R
P18892	467	K
E1BGH8	308	R
P30932	190	K
Q3SZJ9	109	K
P26201	273	R
P26201	316	K
P00711	117	K
P02662	20	P
P02662	49	K
P02662	147	K
P02668	57	P
P02668	91	P
P02668	105	P
P02668	122	P
P02668	130	P
P02668	67	K
Q6E804	843	K
